<?xml version="1.0" encoding="UTF-8"?>
<EmailTemplate xmlns="http://soap.sforce.com/2006/04/metadata">
    <available>true</available>
    <description>Un mensaje de agradecimiento será enviado a un voluntario cuando se registra para un trabajo o jornada voluntaria desde la página personal de los voluntarios</description>
    <encodingKey>ISO-8859-1</encodingKey>
    <name>Agradecimiento por Registro a un Trabajo Voluntario</name>
    <style>none</style>
    <subject>Gracias por inscribirse para ser voluntarios con {!Organization.Name}</subject>
    <textOnly>Hola {!Contact.FirstName},

Muchas Gracias por registrarse como voluntario.

{!Volunteer_Hours__c.Volunteer_Job__c}

{!Volunteer_Job__c.Description__c}

{!Volunteer_Hours__c.Shift_Start_Date_Time__c}

{!Volunteer_Shift__c.Description__c}

{!Volunteer_Job__c.Location_Street__c}
{!Volunteer_Job__c.Location_City__c}, {!Volunteer_Job__c.Location__c}
{!Volunteer_Job__c.Location_Zip_Postal_Code__c}

{!Volunteer_Job__c.Location_Information__c}

Gracias por parte de todos nosotros {!Organization.Name}</textOnly>
    <type>custom</type>
</EmailTemplate>
