<?xml version="1.0" encoding="UTF-8"?>
<EmailTemplate xmlns="http://soap.sforce.com/2006/04/metadata">
    <available>true</available>
    <description>Un mensaje de recordatorio para su uso con el flujo de trabajo del tiempo para recordarle su próxima Jornada Voluntaria. NOTA: solo campos Horas Voluntarias, Trabajo Voluntario, y de Contacto pueden ser utilizados en esta plantilla.</description>
    <encodingKey>ISO-8859-1</encodingKey>
    <name>Email de recordatorio de las Horas Voluntarias</name>
    <style>none</style>
    <subject>El próximo cambio voluntario con {!Organization.Name}</subject>
    <textOnly>Hola {!Contact.FirstName},

Estamos valorando contar con usted para que nos ayude en nuestro evento.

{!Volunteer_Hours__c.Volunteer_Job__c}
Comienzo de la Jornada:  {!Volunteer_Hours__c.Shift_Start_Date_Time__c}
Hora y Fecha de Inicio: {!Volunteer_Hours__c.Planned_Start_Date_Time__c}

Dirección del Evento:

{!Volunteer_Job__c.Location_Street__c}
{!Volunteer_Job__c.Location_City__c}, {!Volunteer_Job__c.Location__c}  {!Volunteer_Job__c.Location_Zip_Postal_Code__c}

{!Volunteer_Job__c.Location_Information__c}

Gracias en Nombre de Todos Nosotros  {!Organization.Name}</textOnly>
    <type>custom</type>
</EmailTemplate>
