<?xml version="1.0" encoding="UTF-8"?>
<EmailTemplate xmlns="http://soap.sforce.com/2006/04/metadata">
    <available>true</available>
    <description>Un recordatorio para todos los voluntarios acerca de su próximo turno.</description>
    <encodingKey>ISO-8859-1</encodingKey>
    <name>Recordatorio de Jornada Voluntaria</name>
    <style>none</style>
    <subject>El próximo cambio voluntario con {!Organization.Name}</subject>
    <textOnly>Hola {!Contact.FirstName},

Estamos preparando el Evento para que usted nos ayude en nuestro evento.

{!Volunteer_Shift__c.Volunteer_Job__c}
{!Volunteer_Shift__c.Start_Date_Time__c}
{!Volunteer_Shift__c.Description__c}

Dirección

{!Volunteer_Shift__c.Job_Location_Street__c}
{!Volunteer_Shift__c.Job_Location_City__c}, {!Volunteer_Shift__c.Job_Location_State_Province__c}  {!Volunteer_Shift__c.Job_Location_Zip_Postal_Code__c}

Gracias de Parte de todos nosotros {!Organization.Name}</textOnly>
    <type>custom</type>
</EmailTemplate>
