<?xml version="1.0" encoding="UTF-8"?>
<EmailTemplate xmlns="http://soap.sforce.com/2006/04/metadata">
    <available>true</available>
    <description>A thank you message sent to a volunteer when they signup for a job or shift from the Sites page</description>
    <encodingKey>ISO-8859-1</encodingKey>
    <name>Volunteer Job Signup Thank You</name>
    <style>none</style>
    <subject>Thank you for signing up to be a volunteer with {!Organization.Name}</subject>
    <textOnly>Hi {!Contact.FirstName},

Thank you so much for signing up to volunteer.

{!Volunteer_Hours__c.Volunteer_Job__c}

{!Volunteer_Job__c.Description__c}

{!Volunteer_Hours__c.Shift_Start_Date_Time__c}

{!Volunteer_Shift__c.Description__c}

{!Volunteer_Job__c.Location_Street__c}
{!Volunteer_Job__c.Location_City__c}, {!Volunteer_Job__c.Location__c}
{!Volunteer_Job__c.Location_Zip_Postal_Code__c}

{!Volunteer_Job__c.Location_Information__c}

Thanks from all of us at {!Organization.Name}</textOnly>
    <type>custom</type>
</EmailTemplate>
