<?xml version="1.0" encoding="UTF-8"?>
<EmailTemplate xmlns="http://soap.sforce.com/2006/04/metadata">
    <available>true</available>
    <description>A reminder message to use with the time based workflow to automatically remind volunteers of their upcoming Shift.  NOTE: ONLY fields on Hours, Job, and Contact can be used in this template.</description>
    <encodingKey>ISO-8859-1</encodingKey>
    <name>Volunteer Hours Reminder Email</name>
    <style>none</style>
    <subject>Your upcoming volunteer shift with {!Organization.Name}</subject>
    <textOnly>Hi {!Contact.FirstName},

We are looking forward to having you help us at our event.

{!Volunteer_Hours__c.Volunteer_Job__c}
Shift start: {!Volunteer_Hours__c.Shift_Start_Date_Time__c}
Your start: {!Volunteer_Hours__c.Planned_Start_Date_Time__c}

Address of the event:

{!Volunteer_Job__c.Location_Street__c}
{!Volunteer_Job__c.Location_City__c}, {!Volunteer_Job__c.Location__c}  {!Volunteer_Job__c.Location_Zip_Postal_Code__c}

{!Volunteer_Job__c.Location_Information__c}

Thanks from all of us at {!Organization.Name}</textOnly>
    <type>custom</type>
</EmailTemplate>
