<?xml version="1.0" encoding="UTF-8"?>
<EmailTemplate xmlns="http://soap.sforce.com/2006/04/metadata">
    <available>true</available>
    <description>A reminder message to send to all volunteers about their upcoming job (for those jobs without shifts).</description>
    <encodingKey>ISO-8859-1</encodingKey>
    <letterhead>Volunteer_Sample_Letterhead</letterhead>
    <name>Volunteer Job Reminder (using letterhead)</name>
    <style>freeForm</style>
    <subject>Your upcoming volunteer job</subject>
    <textOnly>Hi {!Contact.FirstName}, 

We are looking forward to having you help us at our event. 

{!Volunteer_Job__c.Name}

{!Volunteer_Job__c.Description__c}

Address: 

{!Volunteer_Job__c.Location_Street__c}
{!Volunteer_Job__c.Location_City__c}, {!Volunteer_Job__c.Location__c}  {!Volunteer_Job__c.Location_Zip_Postal_Code__c}
{!Volunteer_Job__c.Location_Information__c}

Thanks from all of us at {!Organization.Name}</textOnly>
    <type>html</type>
</EmailTemplate>
