<?xml version="1.0" encoding="UTF-8"?>
<EmailTemplate xmlns="http://soap.sforce.com/2006/04/metadata">
    <available>true</available>
    <description>A reminder message to send to all volunteers about their upcoming shift.</description>
    <encodingKey>ISO-8859-1</encodingKey>
    <letterhead>Volunteer_Sample_Letterhead</letterhead>
    <name>Volunteer Shift Reminder (using letterhead)</name>
    <style>formalLetter</style>
    <subject>Your upcoming volunteer shift with {!Organization.Name}</subject>
    <textOnly>Hi {!Contact.FirstName},

We are looking forward to having you help us at our event.


{!Volunteer_Shift__c.Volunteer_Job__c}{!Volunteer_Shift__c.Start_Date_Time__c}{!Volunteer_Shift__c.Description__c}


Address:

{!Volunteer_Shift__c.Job_Location_Street__c}{!Volunteer_Shift__c.Job_Location_City__c}, {!Volunteer_Shift__c.Job_Location_State_Province__c} {!Volunteer_Shift__c.Job_Location_Zip_Postal_Code__c}


Thanks from all of us at {!Organization.Name}</textOnly>
    <type>html</type>
</EmailTemplate>
