<?xml version="1.0" encoding="UTF-8"?>
<EmailTemplate xmlns="http://soap.sforce.com/2006/04/metadata">
    <available>true</available>
    <description>Un message de remerciement au bénévole lorsqu&apos;il s&apos;inscrit pour une activité ou une plage horaire depuis une page du site</description>
    <encodingKey>ISO-8859-1</encodingKey>
    <name>Volunteer Job Signup Thank You Fr</name>
    <style>none</style>
    <subject>Merci pour votre inscription en tant que bénévole, {!Organization.Name}</subject>
    <textOnly>Bonjour {!Contact.FirstName},

Nous vous remercions chaleureusement pour votre inscription comme bénévole:

{!Volunteer_Hours__c.Volunteer_Job__c}

{!Volunteer_Job__c.Description__c}

{!Volunteer_Hours__c.Shift_Start_Date_Time__c}

{!Volunteer_Shift__c.Description__c}

{!Volunteer_Job__c.Location_Street__c}
{!Volunteer_Job__c.Location_City__c}, {!Volunteer_Job__c.Location__c}
{!Volunteer_Job__c.Location_Zip_Postal_Code__c}

{!Volunteer_Job__c.Location_Information__c}

Nous vous remercions encore une fois pour votre aide, {!Organization.Name}</textOnly>
    <type>custom</type>
</EmailTemplate>
