<?xml version="1.0" encoding="UTF-8"?>
<EmailTemplate xmlns="http://soap.sforce.com/2006/04/metadata">
    <available>true</available>
    <description>Un message de rappel à tous les bénévoles à propos de leur prochaine plage horaire</description>
    <encodingKey>ISO-8859-1</encodingKey>
    <letterhead>Volunteer_Sample_Letterhead</letterhead>
    <name>Volunteer Shift Reminder (using letterhead) Fr</name>
    <style>freeForm</style>
    <subject>Votre prochaine plage horaire, {!Organization.Name}</subject>
    <textOnly>Bonjour {!Contact.FirstName},

Nous nous réjouissons de recevoir votre aide pour l&apos;activité suivante:
{!Volunteer_Shift__c.Volunteer_Job__c}
{!Volunteer_Shift__c.Start_Date_Time__c}
{!Volunteer_Shift__c.Description__c}

Adresse de l&apos;activité:

{!Volunteer_Shift__c.Job_Location_Street__c}
{!Volunteer_Shift__c.Job_Location_City__c}, {!Volunteer_Shift__c.Job_Location_State_Province__c} {!Volunteer_Shift__c.Job_Location_Zip_Postal_Code__c}


Nous vous remercions chaleureusement pour votre aide, {!Organization.Name}</textOnly>
    <type>html</type>
</EmailTemplate>
