<?xml version="1.0" encoding="UTF-8"?>
<EmailTemplate xmlns="http://soap.sforce.com/2006/04/metadata">
    <available>true</available>
    <description>Un message de rappel à utiliser avec un flux de travail pour rappeler aux bénévoles l&apos;arrivée imminente de leur plage horaire. Note: On ne peut utiliser que les champs Heures, Travail et Contact dans ce modèle.</description>
    <encodingKey>ISO-8859-1</encodingKey>
    <name>Volunteer Hours Reminder Email Fr</name>
    <style>none</style>
    <subject>Votre prochaine plage horaire, {!Organization.Name}</subject>
    <textOnly>Bonjour {!Contact.FirstName},

Nous nous réjouissons de recevoir votre aide pour l&apos;activité suivante:

{!Volunteer_Hours__c.Volunteer_Job__c}
Début de la plage horaire: {!Volunteer_Hours__c.Shift_Start_Date_Time__c}
Votre début: {!Volunteer_Hours__c.Planned_Start_Date_Time__c}

Adresse de l&apos;activité:

{!Volunteer_Job__c.Location_Street__c}
{!Volunteer_Job__c.Location_City__c}, {!Volunteer_Job__c.Location__c}  {!Volunteer_Job__c.Location_Zip_Postal_Code__c}

{!Volunteer_Job__c.Location_Information__c}

Nous vous remercions chaleureusement pour votre aide, {!Organization.Name}</textOnly>
    <type>custom</type>
</EmailTemplate>
